<?xml version="1.0" encoding="UTF-8"?>
<!DOCTYPE suite SYSTEM "http://testng.org/testng-1.0.dtd">
<suite name="Suite">
  <test thread-count="5" name="Test">
  <parameter name="browser" value="Chrome"></parameter>
    <classes>
      <class name="testscripts.Tc_Registered_Booking_01"/>
    </classes>
  </test>
  
  <!-- <test thread-count="5" name="Testing support page">
  <parameter name="browser" value="Chrome"></parameter>
    <classes>
      <class name="testscripts.Tc_Support_01"/>
    </classes>
  </test> -->
</suite> <!-- Suite -->
